"ORIGIN_AIRPORT_ID","FL_DATE","N_FLIGHTS","N_CANCELATIONS","Description","CANC_RATE"
10299,2019 May,1573,6,"Anchorage, AK: Ted Stevens Anchorage International",0.00381436745073109
10299,2013 Dec,1334,18,"Anchorage, AK: Ted Stevens Anchorage International",0.0134932533733133
10299,2010 Apr,1221,11,"Anchorage, AK: Ted Stevens Anchorage International",0.00900900900900901
10299,2013 Oct,1406,4,"Anchorage, AK: Ted Stevens Anchorage International",0.00284495021337127
10299,2011 Aug,2074,17,"Anchorage, AK: Ted Stevens Anchorage International",0.00819672131147541
10299,2015 Aug,1997,10,"Anchorage, AK: Ted Stevens Anchorage International",0.00500751126690035
10299,2010 Jan,1226,10,"Anchorage, AK: Ted Stevens Anchorage International",0.00815660685154975
10299,2020 Mar,1303,106,"Anchorage, AK: Ted Stevens Anchorage International",0.0813507290867229
10299,2017 Dec,1248,22,"Anchorage, AK: Ted Stevens Anchorage International",0.0176282051282051
10299,2015 Jan,1184,10,"Anchorage, AK: Ted Stevens Anchorage International",0.00844594594594595
10299,2014 Jun,1771,10,"Anchorage, AK: Ted Stevens Anchorage International",0.00564652738565782
10299,2020 Sep,1129,6,"Anchorage, AK: Ted Stevens Anchorage International",0.00531443755535872
10299,2017 Mar,1222,6,"Anchorage, AK: Ted Stevens Anchorage International",0.00490998363338789
10299,2014 Nov,1138,10,"Anchorage, AK: Ted Stevens Anchorage International",0.00878734622144113
10299,2018 Aug,2133,9,"Anchorage, AK: Ted Stevens Anchorage International",0.00421940928270042
10299,2014 Feb,1131,14,"Anchorage, AK: Ted Stevens Anchorage International",0.0123784261715296
10299,2020 Dec,911,14,"Anchorage, AK: Ted Stevens Anchorage International",0.0153677277716795
10299,2018 Oct,1357,9,"Anchorage, AK: Ted Stevens Anchorage International",0.00663227708179808
10299,2013 Aug,2183,17,"Anchorage, AK: Ted Stevens Anchorage International",0.00778744846541457
10299,2010 Sep,1545,20,"Anchorage, AK: Ted Stevens Anchorage International",0.0129449838187702
10299,2020 Oct,990,7,"Anchorage, AK: Ted Stevens Anchorage International",0.00707070707070707
10299,2018 Sep,1562,1,"Anchorage, AK: Ted Stevens Anchorage International",0.000640204865556978
10299,2014 Sep,1435,7,"Anchorage, AK: Ted Stevens Anchorage International",0.0048780487804878
10299,2012 May,1557,14,"Anchorage, AK: Ted Stevens Anchorage International",0.00899165061014772
10299,2020 Jun,939,19,"Anchorage, AK: Ted Stevens Anchorage International",0.020234291799787
10299,2014 Apr,1134,3,"Anchorage, AK: Ted Stevens Anchorage International",0.00264550264550265
10299,2013 Sep,1598,8,"Anchorage, AK: Ted Stevens Anchorage International",0.00500625782227785
10299,2020 Nov,874,20,"Anchorage, AK: Ted Stevens Anchorage International",0.022883295194508
10299,2018 Mar,1328,11,"Anchorage, AK: Ted Stevens Anchorage International",0.00828313253012048
10299,2020 Jan,1331,14,"Anchorage, AK: Ted Stevens Anchorage International",0.0105184072126221
10299,2015 Apr,1176,11,"Anchorage, AK: Ted Stevens Anchorage International",0.00935374149659864
10299,2011 Mar,1332,14,"Anchorage, AK: Ted Stevens Anchorage International",0.0105105105105105
10299,2016 Dec,1253,12,"Anchorage, AK: Ted Stevens Anchorage International",0.00957701516360734
10299,2019 Mar,1364,10,"Anchorage, AK: Ted Stevens Anchorage International",0.00733137829912024
10299,2014 Oct,1222,12,"Anchorage, AK: Ted Stevens Anchorage International",0.00981996726677578
10299,2012 Aug,1975,28,"Anchorage, AK: Ted Stevens Anchorage International",0.0141772151898734
10299,2013 Feb,1110,9,"Anchorage, AK: Ted Stevens Anchorage International",0.00810810810810811
10299,2017 Apr,1200,2,"Anchorage, AK: Ted Stevens Anchorage International",0.00166666666666667
10299,2018 Dec,1348,14,"Anchorage, AK: Ted Stevens Anchorage International",0.0103857566765579
10299,2010 Dec,1307,12,"Anchorage, AK: Ted Stevens Anchorage International",0.00918133129303749
10299,2021 Jan,1104,9,"Anchorage, AK: Ted Stevens Anchorage International",0.00815217391304348
10299,2019 Nov,1277,10,"Anchorage, AK: Ted Stevens Anchorage International",0.00783085356303837
10299,2016 Feb,1125,20,"Anchorage, AK: Ted Stevens Anchorage International",0.0177777777777778
10299,2016 Apr,1162,2,"Anchorage, AK: Ted Stevens Anchorage International",0.00172117039586919
10299,2014 May,1411,4,"Anchorage, AK: Ted Stevens Anchorage International",0.00283486888731396
10299,2010 Jun,1990,9,"Anchorage, AK: Ted Stevens Anchorage International",0.00452261306532663
10299,2017 May,1431,6,"Anchorage, AK: Ted Stevens Anchorage International",0.00419287211740042
10299,2018 Apr,1295,5,"Anchorage, AK: Ted Stevens Anchorage International",0.00386100386100386
10299,2015 Feb,1029,20,"Anchorage, AK: Ted Stevens Anchorage International",0.0194363459669582
10299,2017 Jan,1223,19,"Anchorage, AK: Ted Stevens Anchorage International",0.0155355682747343
10299,2013 Jul,2207,11,"Anchorage, AK: Ted Stevens Anchorage International",0.00498414136837336
10299,2015 May,1502,8,"Anchorage, AK: Ted Stevens Anchorage International",0.00532623169107856
10299,2018 Feb,1070,22,"Anchorage, AK: Ted Stevens Anchorage International",0.0205607476635514
10299,2010 Feb,1116,9,"Anchorage, AK: Ted Stevens Anchorage International",0.00806451612903226
10299,2012 Oct,1305,19,"Anchorage, AK: Ted Stevens Anchorage International",0.0145593869731801
10299,2010 May,1514,11,"Anchorage, AK: Ted Stevens Anchorage International",0.00726552179656539
10299,2010 Oct,1391,13,"Anchorage, AK: Ted Stevens Anchorage International",0.00934579439252336
10299,2017 Jun,1953,10,"Anchorage, AK: Ted Stevens Anchorage International",0.00512032770097286
10299,2016 Mar,1227,25,"Anchorage, AK: Ted Stevens Anchorage International",0.0203748981255094
10299,2019 Apr,1345,10,"Anchorage, AK: Ted Stevens Anchorage International",0.00743494423791822
10299,2010 Nov,1242,15,"Anchorage, AK: Ted Stevens Anchorage International",0.0120772946859903
10299,2011 May,1565,4,"Anchorage, AK: Ted Stevens Anchorage International",0.00255591054313099
10299,2013 Mar,1312,10,"Anchorage, AK: Ted Stevens Anchorage International",0.00762195121951219
10299,2021 Feb,1070,33,"Anchorage, AK: Ted Stevens Anchorage International",0.0308411214953271
10299,2016 Jan,1232,9,"Anchorage, AK: Ted Stevens Anchorage International",0.00730519480519481
10299,2012 Jul,2036,14,"Anchorage, AK: Ted Stevens Anchorage International",0.0068762278978389
10299,2012 Mar,1307,11,"Anchorage, AK: Ted Stevens Anchorage International",0.00841622035195103
10299,2019 Sep,1606,6,"Anchorage, AK: Ted Stevens Anchorage International",0.0037359900373599
10299,2016 Oct,1196,8,"Anchorage, AK: Ted Stevens Anchorage International",0.00668896321070234
10299,2017 Aug,1989,13,"Anchorage, AK: Ted Stevens Anchorage International",0.0065359477124183
10299,2010 Mar,1276,10,"Anchorage, AK: Ted Stevens Anchorage International",0.00783699059561128
10299,2011 Feb,1158,35,"Anchorage, AK: Ted Stevens Anchorage International",0.0302245250431779
10299,2019 Jun,2102,16,"Anchorage, AK: Ted Stevens Anchorage International",0.00761179828734539
10299,2015 Jun,1891,14,"Anchorage, AK: Ted Stevens Anchorage International",0.0074034902168165
10299,2012 Nov,1204,11,"Anchorage, AK: Ted Stevens Anchorage International",0.00913621262458472
10299,2019 Dec,1388,19,"Anchorage, AK: Ted Stevens Anchorage International",0.0136887608069164
10299,2011 Jun,2007,14,"Anchorage, AK: Ted Stevens Anchorage International",0.00697558545092177
10299,2019 Feb,1167,32,"Anchorage, AK: Ted Stevens Anchorage International",0.0274207369323051
10299,2012 Apr,1233,3,"Anchorage, AK: Ted Stevens Anchorage International",0.0024330900243309
10299,2016 Jul,2112,3,"Anchorage, AK: Ted Stevens Anchorage International",0.00142045454545455
10299,2014 Mar,1217,7,"Anchorage, AK: Ted Stevens Anchorage International",0.0057518488085456
10299,2019 Oct,1333,13,"Anchorage, AK: Ted Stevens Anchorage International",0.00975243810952738
10299,2017 Nov,1157,18,"Anchorage, AK: Ted Stevens Anchorage International",0.0155574762316335
10299,2012 Feb,1186,12,"Anchorage, AK: Ted Stevens Anchorage International",0.0101180438448567
10299,2018 Jan,1207,14,"Anchorage, AK: Ted Stevens Anchorage International",0.0115990057995029
10299,2012 Jun,1912,18,"Anchorage, AK: Ted Stevens Anchorage International",0.00941422594142259
10299,2013 May,1581,4,"Anchorage, AK: Ted Stevens Anchorage International",0.00253004427577483
10299,2011 Dec,1328,24,"Anchorage, AK: Ted Stevens Anchorage International",0.0180722891566265
10299,2015 Sep,1482,4,"Anchorage, AK: Ted Stevens Anchorage International",0.00269905533063428
10299,2016 Nov,1115,0,"Anchorage, AK: Ted Stevens Anchorage International",0
10299,2010 Aug,2097,16,"Anchorage, AK: Ted Stevens Anchorage International",0.00762994754411063
10299,2020 Aug,1284,11,"Anchorage, AK: Ted Stevens Anchorage International",0.00856697819314642
10299,2017 Sep,1443,8,"Anchorage, AK: Ted Stevens Anchorage International",0.00554400554400554
10299,2014 Aug,1876,11,"Anchorage, AK: Ted Stevens Anchorage International",0.005863539445629
10299,2016 May,1466,6,"Anchorage, AK: Ted Stevens Anchorage International",0.00409276944065484
10299,2018 Jul,2243,9,"Anchorage, AK: Ted Stevens Anchorage International",0.00401248328131966
10299,2015 Nov,1185,11,"Anchorage, AK: Ted Stevens Anchorage International",0.00928270042194093
10299,2018 Jun,2079,12,"Anchorage, AK: Ted Stevens Anchorage International",0.00577200577200577
10299,2011 Apr,1279,7,"Anchorage, AK: Ted Stevens Anchorage International",0.00547302580140735
10299,2010 Jul,2156,13,"Anchorage, AK: Ted Stevens Anchorage International",0.00602968460111317
10299,2019 Jan,1317,13,"Anchorage, AK: Ted Stevens Anchorage International",0.00987091875474563
10299,2014 Dec,1253,7,"Anchorage, AK: Ted Stevens Anchorage International",0.00558659217877095
10299,2016 Sep,1395,7,"Anchorage, AK: Ted Stevens Anchorage International",0.00501792114695341
10299,2011 Oct,1411,5,"Anchorage, AK: Ted Stevens Anchorage International",0.00354358610914245
10299,2017 Oct,1244,10,"Anchorage, AK: Ted Stevens Anchorage International",0.00803858520900321
10299,2013 Apr,1262,11,"Anchorage, AK: Ted Stevens Anchorage International",0.00871632329635499
10299,2020 May,541,8,"Anchorage, AK: Ted Stevens Anchorage International",0.0147874306839187
10299,2019 Jul,2317,13,"Anchorage, AK: Ted Stevens Anchorage International",0.00561070349589987
10299,2011 Jan,1266,22,"Anchorage, AK: Ted Stevens Anchorage International",0.0173775671406003
10299,2013 Jan,1228,12,"Anchorage, AK: Ted Stevens Anchorage International",0.00977198697068404
10299,2013 Nov,1269,19,"Anchorage, AK: Ted Stevens Anchorage International",0.0149724192277384
10299,2020 Jul,1175,4,"Anchorage, AK: Ted Stevens Anchorage International",0.00340425531914894
10299,2015 Oct,1234,6,"Anchorage, AK: Ted Stevens Anchorage International",0.00486223662884927
10299,2015 Mar,1209,5,"Anchorage, AK: Ted Stevens Anchorage International",0.00413564929693962
10299,2018 Nov,1283,14,"Anchorage, AK: Ted Stevens Anchorage International",0.0109119251753702
10299,2015 Dec,1264,23,"Anchorage, AK: Ted Stevens Anchorage International",0.0181962025316456
10299,2012 Dec,1257,19,"Anchorage, AK: Ted Stevens Anchorage International",0.015115354017502
10299,2016 Aug,2012,3,"Anchorage, AK: Ted Stevens Anchorage International",0.00149105367793241
10299,2017 Feb,1053,20,"Anchorage, AK: Ted Stevens Anchorage International",0.0189933523266857
10299,2020 Feb,1210,11,"Anchorage, AK: Ted Stevens Anchorage International",0.00909090909090909
10299,2019 Aug,2199,12,"Anchorage, AK: Ted Stevens Anchorage International",0.00545702592087312
10299,2014 Jan,1284,19,"Anchorage, AK: Ted Stevens Anchorage International",0.014797507788162
10299,2014 Jul,1916,7,"Anchorage, AK: Ted Stevens Anchorage International",0.00365344467640919
10299,2018 May,1506,9,"Anchorage, AK: Ted Stevens Anchorage International",0.00597609561752988
10299,2011 Sep,1507,8,"Anchorage, AK: Ted Stevens Anchorage International",0.0053085600530856
10299,2012 Sep,1429,26,"Anchorage, AK: Ted Stevens Anchorage International",0.0181945416375087
10299,2012 Jan,1266,41,"Anchorage, AK: Ted Stevens Anchorage International",0.0323854660347551
10299,2017 Jul,2084,10,"Anchorage, AK: Ted Stevens Anchorage International",0.00479846449136276
10299,2016 Jun,1959,4,"Anchorage, AK: Ted Stevens Anchorage International",0.00204185809086269
10299,2015 Jul,2086,8,"Anchorage, AK: Ted Stevens Anchorage International",0.00383509108341323
10299,2011 Jul,2147,9,"Anchorage, AK: Ted Stevens Anchorage International",0.00419189566837448
10299,2011 Nov,1242,32,"Anchorage, AK: Ted Stevens Anchorage International",0.0257648953301127
10299,2020 Apr,521,41,"Anchorage, AK: Ted Stevens Anchorage International",0.0786948176583493
10299,2013 Jun,2029,18,"Anchorage, AK: Ted Stevens Anchorage International",0.00887136520453425
12892,2020 Jun,5109,4,"Los Angeles, CA: Los Angeles International",0.000782932080642004
12892,2012 Dec,18161,205,"Los Angeles, CA: Los Angeles International",0.0112879246737514
12892,2010 Mar,16844,187,"Los Angeles, CA: Los Angeles International",0.0111018760389456
12892,2018 Apr,18284,129,"Los Angeles, CA: Los Angeles International",0.00705534893896303
12892,2017 Apr,17433,174,"Los Angeles, CA: Los Angeles International",0.00998107038375495
12892,2011 Aug,19347,260,"Los Angeles, CA: Los Angeles International",0.0134387760376286
12892,2020 Jul,8701,59,"Los Angeles, CA: Los Angeles International",0.00678082978967935
12892,2017 Feb,15569,241,"Los Angeles, CA: Los Angeles International",0.0154794784507676
12892,2016 Oct,17988,115,"Los Angeles, CA: Los Angeles International",0.00639315098954859
12892,2018 Jun,19372,146,"Los Angeles, CA: Los Angeles International",0.00753665083625852
12892,2011 Apr,17453,208,"Los Angeles, CA: Los Angeles International",0.0119177218816249
12892,2010 Aug,17828,133,"Los Angeles, CA: Los Angeles International",0.00746017500560915
12892,2010 Sep,16299,99,"Los Angeles, CA: Los Angeles International",0.00607399226946438
12892,2018 Aug,19874,198,"Los Angeles, CA: Los Angeles International",0.00996276542215961
12892,2020 Oct,9041,13,"Los Angeles, CA: Los Angeles International",0.0014378940382701
12892,2020 Mar,18484,2950,"Los Angeles, CA: Los Angeles International",0.15959748972084
12892,2018 Feb,16101,117,"Los Angeles, CA: Los Angeles International",0.0072666294019005
12892,2019 Jun,18884,341,"Los Angeles, CA: Los Angeles International",0.0180576149120949
12892,2017 Sep,17436,235,"Los Angeles, CA: Los Angeles International",0.01347786189493
12892,2013 Jul,20792,326,"Los Angeles, CA: Los Angeles International",0.0156791073489804
12892,2012 Apr,18191,149,"Los Angeles, CA: Los Angeles International",0.00819086361387499
12892,2010 Jun,17218,150,"Los Angeles, CA: Los Angeles International",0.00871181321872459
12892,2011 Jul,19334,232,"Los Angeles, CA: Los Angeles International",0.0119995862211648
12892,2010 Apr,16321,121,"Los Angeles, CA: Los Angeles International",0.00741376141167821
12892,2014 Sep,17589,130,"Los Angeles, CA: Los Angeles International",0.0073909830007391
12892,2011 Feb,14963,293,"Los Angeles, CA: Los Angeles International",0.019581634698924
12892,2016 Aug,19726,216,"Los Angeles, CA: Los Angeles International",0.0109500152083545
12892,2012 Nov,17564,196,"Los Angeles, CA: Los Angeles International",0.0111591892507402
12892,2018 May,19059,139,"Los Angeles, CA: Los Angeles International",0.0072931423474474
12892,2013 Apr,18255,235,"Los Angeles, CA: Los Angeles International",0.0128731854286497
12892,2016 Jun,19078,170,"Los Angeles, CA: Los Angeles International",0.00891078729426565
12892,2015 Apr,17408,103,"Los Angeles, CA: Los Angeles International",0.00591681985294118
12892,2016 Apr,16990,126,"Los Angeles, CA: Los Angeles International",0.007416127133608
12892,2014 Jan,18481,446,"Los Angeles, CA: Los Angeles International",0.0241328932417077
12892,2014 Mar,19041,197,"Los Angeles, CA: Los Angeles International",0.0103460952681057
12892,2014 Jun,19458,213,"Los Angeles, CA: Los Angeles International",0.0109466543324083
12892,2019 Dec,18665,131,"Los Angeles, CA: Los Angeles International",0.00701848379319582
12892,2011 Jun,18513,201,"Los Angeles, CA: Los Angeles International",0.0108572354561659
12892,2015 Jan,17340,251,"Los Angeles, CA: Los Angeles International",0.0144752018454441
12892,2019 May,18297,284,"Los Angeles, CA: Los Angeles International",0.0155216702191616
12892,2018 Nov,17625,117,"Los Angeles, CA: Los Angeles International",0.00663829787234043
12892,2017 Jul,19173,113,"Los Angeles, CA: Los Angeles International",0.00589370468888541
12892,2014 Dec,17802,237,"Los Angeles, CA: Los Angeles International",0.0133131108864173
12892,2021 Feb,9048,260,"Los Angeles, CA: Los Angeles International",0.028735632183908
12892,2019 Jan,17988,263,"Los Angeles, CA: Los Angeles International",0.0146208583500111
12892,2017 Dec,17709,87,"Los Angeles, CA: Los Angeles International",0.00491275622564798
12892,2010 Jan,16064,295,"Los Angeles, CA: Los Angeles International",0.0183640438247012
12892,2015 Jul,19371,283,"Los Angeles, CA: Los Angeles International",0.0146094677610862
12892,2011 Sep,17345,132,"Los Angeles, CA: Los Angeles International",0.00761026232343615
12892,2011 Nov,16815,162,"Los Angeles, CA: Los Angeles International",0.0096342551293488
12892,2012 Jun,19389,197,"Los Angeles, CA: Los Angeles International",0.0101604002269328
12892,2012 Sep,18056,171,"Los Angeles, CA: Los Angeles International",0.00947053610988037
12892,2014 May,19413,181,"Los Angeles, CA: Los Angeles International",0.00932364910111781
12892,2020 Nov,9461,39,"Los Angeles, CA: Los Angeles International",0.00412218581545291
12892,2017 Nov,17060,74,"Los Angeles, CA: Los Angeles International",0.00433763188745604
12892,2017 Jan,17314,266,"Los Angeles, CA: Los Angeles International",0.0153632898232644
12892,2011 Mar,17290,213,"Los Angeles, CA: Los Angeles International",0.0123192596876807
12892,2016 Nov,17044,39,"Los Angeles, CA: Los Angeles International",0.0022881952593288
12892,2013 Sep,18402,166,"Los Angeles, CA: Los Angeles International",0.00902075861319422
12892,2010 Nov,15930,106,"Los Angeles, CA: Los Angeles International",0.0066541117388575
12892,2015 Sep,17499,104,"Los Angeles, CA: Los Angeles International",0.00594319675410023
12892,2013 Feb,16010,195,"Los Angeles, CA: Los Angeles International",0.0121798875702686
12892,2019 Aug,19816,207,"Los Angeles, CA: Los Angeles International",0.010446104158256
12892,2011 Oct,17815,181,"Los Angeles, CA: Los Angeles International",0.0101599775470109
12892,2019 Sep,17777,162,"Los Angeles, CA: Los Angeles International",0.00911289868931766
12892,2015 Dec,17045,196,"Los Angeles, CA: Los Angeles International",0.0114989733059548
12892,2010 Dec,16657,307,"Los Angeles, CA: Los Angeles International",0.018430689800084
12892,2014 Nov,17056,112,"Los Angeles, CA: Los Angeles International",0.00656660412757974
12892,2012 May,18761,115,"Los Angeles, CA: Los Angeles International",0.00612973722083045
12892,2014 Aug,19422,140,"Los Angeles, CA: Los Angeles International",0.00720832046133251
12892,2014 Oct,18199,106,"Los Angeles, CA: Los Angeles International",0.00582449585142041
12892,2016 Dec,17880,233,"Los Angeles, CA: Los Angeles International",0.0130313199105145
12892,2017 Aug,19399,264,"Los Angeles, CA: Los Angeles International",0.0136089489148925
12892,2020 Dec,10072,72,"Los Angeles, CA: Los Angeles International",0.00714853057982526
12892,2013 Nov,17996,309,"Los Angeles, CA: Los Angeles International",0.0171704823294065
12892,2010 Jul,17915,155,"Los Angeles, CA: Los Angeles International",0.00865196762489534
12892,2013 Jun,19781,215,"Los Angeles, CA: Los Angeles International",0.0108690157221576
12892,2019 Apr,17782,260,"Los Angeles, CA: Los Angeles International",0.0146215273872455
12892,2011 Jan,16391,305,"Los Angeles, CA: Los Angeles International",0.0186077725581112
12892,2018 Oct,18565,96,"Los Angeles, CA: Los Angeles International",0.00517102073794775
12892,2017 Mar,18077,215,"Los Angeles, CA: Los Angeles International",0.0118935664103557
12892,2021 Jan,9956,82,"Los Angeles, CA: Los Angeles International",0.00823623945359582
12892,2020 Apr,7275,2738,"Los Angeles, CA: Los Angeles International",0.376357388316151
12892,2011 Dec,17541,217,"Los Angeles, CA: Los Angeles International",0.0123710164756855
12892,2016 Sep,17527,71,"Los Angeles, CA: Los Angeles International",0.00405089290808467
12892,2019 Nov,17501,143,"Los Angeles, CA: Los Angeles International",0.00817096165933375
12892,2016 Mar,17304,145,"Los Angeles, CA: Los Angeles International",0.00837956541840037
12892,2015 Feb,15762,327,"Los Angeles, CA: Los Angeles International",0.0207460982108869
12892,2018 Jan,17785,217,"Los Angeles, CA: Los Angeles International",0.0122012932246275
12892,2020 Feb,16636,90,"Los Angeles, CA: Los Angeles International",0.00540995431594133
12892,2017 Oct,18397,108,"Los Angeles, CA: Los Angeles International",0.00587052236777735
12892,2015 Nov,16459,96,"Los Angeles, CA: Los Angeles International",0.00583267513214655
12892,2014 Feb,16564,391,"Los Angeles, CA: Los Angeles International",0.0236054093214199
12892,2015 Aug,19265,244,"Los Angeles, CA: Los Angeles International",0.0126654554892292
12892,2013 May,19060,132,"Los Angeles, CA: Los Angeles International",0.00692549842602309
12892,2018 Mar,18574,284,"Los Angeles, CA: Los Angeles International",0.0152901905889954
12892,2019 Jul,19891,224,"Los Angeles, CA: Los Angeles International",0.0112613744909758
12892,2012 Oct,18539,350,"Los Angeles, CA: Los Angeles International",0.0188791196936189
12892,2012 Aug,20119,156,"Los Angeles, CA: Los Angeles International",0.00775386450618818
12892,2010 Feb,14795,364,"Los Angeles, CA: Los Angeles International",0.024602906387293
12892,2018 Dec,18339,119,"Los Angeles, CA: Los Angeles International",0.00648890342984896
12892,2020 Jan,17799,119,"Los Angeles, CA: Los Angeles International",0.00668576886341929
12892,2019 Oct,18244,139,"Los Angeles, CA: Los Angeles International",0.00761894321420741
12892,2014 Apr,18544,144,"Los Angeles, CA: Los Angeles International",0.00776531492666091
12892,2011 May,18080,213,"Los Angeles, CA: Los Angeles International",0.0117809734513274
12892,2019 Feb,16307,343,"Los Angeles, CA: Los Angeles International",0.0210339118170111
12892,2017 May,18169,201,"Los Angeles, CA: Los Angeles International",0.0110627992734878
12892,2015 May,17977,97,"Los Angeles, CA: Los Angeles International",0.00539578350114035
12892,2015 Oct,17728,75,"Los Angeles, CA: Los Angeles International",0.00423059566787004
12892,2015 Mar,18014,183,"Los Angeles, CA: Los Angeles International",0.0101587654046852
12892,2013 Dec,19052,219,"Los Angeles, CA: Los Angeles International",0.0114948561830779
12892,2012 Feb,16928,156,"Los Angeles, CA: Los Angeles International",0.00921550094517958
12892,2018 Sep,17875,128,"Los Angeles, CA: Los Angeles International",0.00716083916083916
12892,2013 Aug,20395,178,"Los Angeles, CA: Los Angeles International",0.00872762932091199
12892,2010 Oct,16879,142,"Los Angeles, CA: Los Angeles International",0.00841282066473132
12892,2012 Jul,20377,210,"Los Angeles, CA: Los Angeles International",0.0103057368601855
12892,2016 May,17692,128,"Los Angeles, CA: Los Angeles International",0.00723490843319014
12892,2012 Jan,17841,194,"Los Angeles, CA: Los Angeles International",0.0108738299422678
12892,2015 Jun,18533,280,"Los Angeles, CA: Los Angeles International",0.015108185399018
12892,2013 Jan,17563,144,"Los Angeles, CA: Los Angeles International",0.00819905483117918
12892,2010 May,16926,147,"Los Angeles, CA: Los Angeles International",0.0086848635235732
12892,2020 Sep,8264,25,"Los Angeles, CA: Los Angeles International",0.00302516940948693
12892,2013 Mar,18544,183,"Los Angeles, CA: Los Angeles International",0.00986842105263158
12892,2016 Feb,15407,129,"Los Angeles, CA: Los Angeles International",0.00837281755046407
12892,2012 Mar,18978,216,"Los Angeles, CA: Los Angeles International",0.0113815997470756
12892,2019 Mar,18800,335,"Los Angeles, CA: Los Angeles International",0.0178191489361702
12892,2018 Jul,20033,208,"Los Angeles, CA: Los Angeles International",0.0103828682673589
12892,2013 Oct,18971,139,"Los Angeles, CA: Los Angeles International",0.00732697274787834
12892,2014 Jul,20363,196,"Los Angeles, CA: Los Angeles International",0.00962530079064971
12892,2017 Jun,18561,129,"Los Angeles, CA: Los Angeles International",0.0069500565702279
12892,2016 Jul,19920,228,"Los Angeles, CA: Los Angeles International",0.0114457831325301
12892,2016 Jan,16427,299,"Los Angeles, CA: Los Angeles International",0.0182017410360991
12892,2020 May,3881,150,"Los Angeles, CA: Los Angeles International",0.0386498325173924
12892,2020 Aug,9445,57,"Los Angeles, CA: Los Angeles International",0.00603493912122816
12953,2012 Sep,8398,188,"New York, NY: LaGuardia",0.022386282448202
12953,2010 Jul,8606,383,"New York, NY: LaGuardia",0.044503834534046
12953,2015 Apr,9503,214,"New York, NY: LaGuardia",0.0225192044617489
12953,2010 Dec,8547,863,"New York, NY: LaGuardia",0.100971100971101
12953,2016 Aug,8688,274,"New York, NY: LaGuardia",0.0315377532228361
12953,2013 Sep,9116,242,"New York, NY: LaGuardia",0.0265467310223782
12953,2019 Jan,13872,497,"New York, NY: LaGuardia",0.0358275663206459
12953,2011 Apr,8139,336,"New York, NY: LaGuardia",0.0412827128639882
12953,2014 May,9078,344,"New York, NY: LaGuardia",0.0378938092090769
12953,2018 Jan,13587,949,"New York, NY: LaGuardia",0.0698461764922352
12953,2016 Oct,7985,151,"New York, NY: LaGuardia",0.0189104571070758
12953,2019 Jul,14711,811,"New York, NY: LaGuardia",0.05512881517232
12953,2011 Feb,7647,663,"New York, NY: LaGuardia",0.0867006669282071
12953,2013 Feb,7423,380,"New York, NY: LaGuardia",0.0511922403340967
12953,2011 Jul,8446,359,"New York, NY: LaGuardia",0.042505327965901
12953,2015 Dec,7813,163,"New York, NY: LaGuardia",0.0208626647894535
12953,2017 Jan,7398,222,"New York, NY: LaGuardia",0.0300081103000811
12953,2011 Jan,8285,911,"New York, NY: LaGuardia",0.109957754978877
12953,2012 Apr,8086,76,"New York, NY: LaGuardia",0.00939896116744991
12953,2018 Nov,13929,365,"New York, NY: LaGuardia",0.0262043219182999
12953,2011 Oct,8094,179,"New York, NY: LaGuardia",0.0221151470224858
12953,2014 Sep,8550,115,"New York, NY: LaGuardia",0.0134502923976608
12953,2010 Jun,8550,254,"New York, NY: LaGuardia",0.0297076023391813
12953,2019 Jun,14549,516,"New York, NY: LaGuardia",0.0354663550759502
12953,2013 Jul,8927,485,"New York, NY: LaGuardia",0.0543295620029125
12953,2017 Oct,8230,153,"New York, NY: LaGuardia",0.0185905224787363
12953,2019 Mar,14792,342,"New York, NY: LaGuardia",0.0231206057328286
12953,2019 Dec,13705,212,"New York, NY: LaGuardia",0.0154688070047428
12953,2016 Mar,8302,99,"New York, NY: LaGuardia",0.0119248373885811
12953,2017 Apr,7542,239,"New York, NY: LaGuardia",0.0316892071068682
12953,2019 Oct,14701,157,"New York, NY: LaGuardia",0.0106795456091422
12953,2018 Aug,15501,1146,"New York, NY: LaGuardia",0.0739307141474744
12953,2020 Apr,3204,2121,"New York, NY: LaGuardia",0.661985018726592
12953,2011 Sep,7972,211,"New York, NY: LaGuardia",0.0264676367285499
12953,2011 Mar,8633,247,"New York, NY: LaGuardia",0.0286111432873856
12953,2018 Apr,14369,481,"New York, NY: LaGuardia",0.0334748416730461
12953,2020 Jan,13836,101,"New York, NY: LaGuardia",0.00729979762937265
12953,2020 Jul,4190,96,"New York, NY: LaGuardia",0.0229116945107399
12953,2015 Sep,8434,119,"New York, NY: LaGuardia",0.0141095565567939
12953,2010 Apr,8628,68,"New York, NY: LaGuardia",0.00788131664348632
12953,2014 Mar,9014,308,"New York, NY: LaGuardia",0.0341690703350344
12953,2012 Dec,7992,147,"New York, NY: LaGuardia",0.0183933933933934
12953,2011 Aug,8621,863,"New York, NY: LaGuardia",0.100104396241735
12953,2020 Jun,2010,3,"New York, NY: LaGuardia",0.00149253731343284
12953,2013 Nov,8851,119,"New York, NY: LaGuardia",0.0134448084962151
12953,2011 Jun,8331,353,"New York, NY: LaGuardia",0.0423718641219542
12953,2019 May,15018,448,"New York, NY: LaGuardia",0.0298308696231189
12953,2015 Aug,9241,188,"New York, NY: LaGuardia",0.0203441186018829
12953,2020 Nov,3656,27,"New York, NY: LaGuardia",0.00738512035010941
12953,2018 Jun,14669,286,"New York, NY: LaGuardia",0.0194968982207376
12953,2011 May,8396,306,"New York, NY: LaGuardia",0.0364459266317294
12953,2016 Sep,8156,55,"New York, NY: LaGuardia",0.00674350171652771
12953,2012 Nov,8063,431,"New York, NY: LaGuardia",0.0534540493612799
12953,2019 Sep,14083,198,"New York, NY: LaGuardia",0.0140595043669673
12953,2010 Feb,7449,1070,"New York, NY: LaGuardia",0.143643442072761
12953,2011 Nov,7680,135,"New York, NY: LaGuardia",0.017578125
12953,2018 May,14709,324,"New York, NY: LaGuardia",0.0220273302059963
12953,2020 May,702,49,"New York, NY: LaGuardia",0.0698005698005698
12953,2016 Dec,7394,84,"New York, NY: LaGuardia",0.0113605626183392
12953,2012 Mar,8204,125,"New York, NY: LaGuardia",0.015236470014627
12953,2015 Jan,9517,882,"New York, NY: LaGuardia",0.0926762635284228
12953,2014 Jun,9097,349,"New York, NY: LaGuardia",0.0383642959217324
12953,2010 Nov,8357,112,"New York, NY: LaGuardia",0.0134019384946751
12953,2017 Feb,6923,354,"New York, NY: LaGuardia",0.0511339014877943
12953,2012 Oct,8745,996,"New York, NY: LaGuardia",0.113893653516295
12953,2010 Aug,8950,231,"New York, NY: LaGuardia",0.0258100558659218
12953,2014 Jan,8530,1021,"New York, NY: LaGuardia",0.119695193434936
12953,2014 Dec,9221,206,"New York, NY: LaGuardia",0.0223403101615877
12953,2015 Jul,9474,323,"New York, NY: LaGuardia",0.0340933080008444
12953,2016 Apr,7752,100,"New York, NY: LaGuardia",0.0128998968008256
12953,2012 Feb,7515,111,"New York, NY: LaGuardia",0.0147704590818363
12953,2012 Jul,8667,338,"New York, NY: LaGuardia",0.0389985000576901
12953,2018 Mar,14723,1676,"New York, NY: LaGuardia",0.113835495483257
12953,2012 Aug,9280,344,"New York, NY: LaGuardia",0.0370689655172414
12953,2013 Dec,9067,371,"New York, NY: LaGuardia",0.0409176133230396
12953,2020 Mar,13963,2740,"New York, NY: LaGuardia",0.196232901238989
12953,2014 Oct,8987,139,"New York, NY: LaGuardia",0.0154667853566262
12953,2018 Jul,14786,801,"New York, NY: LaGuardia",0.0541728662248072
12953,2015 Nov,7956,115,"New York, NY: LaGuardia",0.0144544997486174
12953,2013 Jan,7950,185,"New York, NY: LaGuardia",0.0232704402515723
12953,2017 Jul,7860,325,"New York, NY: LaGuardia",0.0413486005089059
12953,2010 Mar,8433,290,"New York, NY: LaGuardia",0.0343887110162457
12953,2011 Dec,7711,73,"New York, NY: LaGuardia",0.00946699520165997
12953,2016 Feb,7879,449,"New York, NY: LaGuardia",0.0569869272750349
12953,2013 Oct,9642,116,"New York, NY: LaGuardia",0.0120306990250985
12953,2015 Feb,8945,1068,"New York, NY: LaGuardia",0.11939631078815
12953,2015 May,9428,281,"New York, NY: LaGuardia",0.0298048366567671
12953,2010 Oct,9225,242,"New York, NY: LaGuardia",0.0262330623306233
12953,2017 Sep,7510,306,"New York, NY: LaGuardia",0.040745672436751
12953,2013 May,8807,224,"New York, NY: LaGuardia",0.0254343136141705
12953,2010 Sep,8743,237,"New York, NY: LaGuardia",0.027107400205879
12953,2013 Aug,8985,226,"New York, NY: LaGuardia",0.0251530328324986
12953,2014 Aug,9258,194,"New York, NY: LaGuardia",0.0209548498595809
12953,2014 Nov,8823,197,"New York, NY: LaGuardia",0.0223280063470475
12953,2017 Dec,7733,109,"New York, NY: LaGuardia",0.0140954351480667
12953,2017 Nov,7740,23,"New York, NY: LaGuardia",0.00297157622739018
12953,2012 Jun,8155,243,"New York, NY: LaGuardia",0.0297976701410178
12953,2018 Sep,13850,330,"New York, NY: LaGuardia",0.023826714801444
12953,2016 Jan,8028,542,"New York, NY: LaGuardia",0.06751370204285
12953,2017 Jun,7930,246,"New York, NY: LaGuardia",0.0310214375788146
12953,2016 Jul,8497,444,"New York, NY: LaGuardia",0.0522537366129222
12953,2015 Oct,8590,125,"New York, NY: LaGuardia",0.0145518044237485
12953,2020 Sep,3286,13,"New York, NY: LaGuardia",0.0039561777236762
12953,2021 Jan,3358,18,"New York, NY: LaGuardia",0.0053603335318642
12953,2013 Apr,8581,244,"New York, NY: LaGuardia",0.0284349143456474
12953,2014 Feb,7914,1086,"New York, NY: LaGuardia",0.137225170583776
12953,2018 Feb,12726,314,"New York, NY: LaGuardia",0.0246738959610247
12953,2012 May,8431,185,"New York, NY: LaGuardia",0.0219428300320247
12953,2020 Aug,3810,88,"New York, NY: LaGuardia",0.0230971128608924
12953,2013 Jun,8596,404,"New York, NY: LaGuardia",0.0469986040018613
12953,2015 Jun,9154,390,"New York, NY: LaGuardia",0.0426043259777147
12953,2019 Apr,14457,319,"New York, NY: LaGuardia",0.0220654354292038
12953,2017 Mar,8310,504,"New York, NY: LaGuardia",0.0606498194945848
12953,2020 Dec,3867,104,"New York, NY: LaGuardia",0.0268942332557538
12953,2012 Jan,7825,224,"New York, NY: LaGuardia",0.0286261980830671
12953,2014 Apr,9117,185,"New York, NY: LaGuardia",0.0202917626412197
12953,2013 Mar,8717,315,"New York, NY: LaGuardia",0.0361362854192956
12953,2010 May,9030,218,"New York, NY: LaGuardia",0.0241417497231451
12953,2010 Jan,8038,368,"New York, NY: LaGuardia",0.0457825329684001
12953,2019 Aug,15269,793,"New York, NY: LaGuardia",0.051935293732399
12953,2015 Mar,10140,788,"New York, NY: LaGuardia",0.0777120315581854
12953,2020 Feb,12912,138,"New York, NY: LaGuardia",0.0106877323420074
12953,2018 Oct,14848,184,"New York, NY: LaGuardia",0.0123922413793103
12953,2019 Nov,13553,63,"New York, NY: LaGuardia",0.00464841732457758
12953,2017 May,7931,200,"New York, NY: LaGuardia",0.0252175009456563
12953,2014 Jul,9377,528,"New York, NY: LaGuardia",0.0563079876293058
12953,2016 Nov,7438,37,"New York, NY: LaGuardia",0.00497445549879
12953,2016 May,8032,70,"New York, NY: LaGuardia",0.00871513944223107
12953,2018 Dec,13396,115,"New York, NY: LaGuardia",0.00858465213496566
12953,2017 Aug,8219,337,"New York, NY: LaGuardia",0.0410025550553595
12953,2021 Feb,2996,319,"New York, NY: LaGuardia",0.106475300400534
12953,2016 Jun,8418,154,"New York, NY: LaGuardia",0.0182941316227132
12953,2020 Oct,3288,2,"New York, NY: LaGuardia",0.000608272506082725
12953,2019 Feb,12955,600,"New York, NY: LaGuardia",0.0463141644152837
13930,2014 Dec,23481,327,"Chicago, IL: Chicago O'Hare International",0.0139261530599208
13930,2010 Jun,26672,1180,"Chicago, IL: Chicago O'Hare International",0.0442411517696461
13930,2017 Sep,22844,301,"Chicago, IL: Chicago O'Hare International",0.0131763263876729
13930,2012 Mar,25667,340,"Chicago, IL: Chicago O'Hare International",0.013246581213231
13930,2019 Oct,30125,165,"Chicago, IL: Chicago O'Hare International",0.00547717842323651
13930,2019 Aug,30764,793,"Chicago, IL: Chicago O'Hare International",0.0257768820699519
13930,2017 Feb,17775,203,"Chicago, IL: Chicago O'Hare International",0.0114205344585091
13930,2011 Aug,28449,935,"Chicago, IL: Chicago O'Hare International",0.0328658300819009
13930,2018 Jan,25680,578,"Chicago, IL: Chicago O'Hare International",0.0225077881619938
13930,2018 Apr,26435,200,"Chicago, IL: Chicago O'Hare International",0.00756572725553244
13930,2017 Apr,21464,260,"Chicago, IL: Chicago O'Hare International",0.0121133060007454
13930,2014 May,24611,1107,"Chicago, IL: Chicago O'Hare International",0.0449798870423794
13930,2013 Apr,26063,1602,"Chicago, IL: Chicago O'Hare International",0.0614664466868741
13930,2011 May,27205,1562,"Chicago, IL: Chicago O'Hare International",0.0574159161918765
13930,2018 Nov,27362,961,"Chicago, IL: Chicago O'Hare International",0.0351217016299978
13930,2011 Jun,27675,1409,"Chicago, IL: Chicago O'Hare International",0.0509123757904246
13930,2017 Oct,23039,115,"Chicago, IL: Chicago O'Hare International",0.00499153609097617
13930,2019 Mar,27599,462,"Chicago, IL: Chicago O'Hare International",0.0167397369469908
13930,2019 Jan,26216,2816,"Chicago, IL: Chicago O'Hare International",0.107415318889228
13930,2020 May,7239,192,"Chicago, IL: Chicago O'Hare International",0.0265230004144219
13930,2016 Dec,18826,770,"Chicago, IL: Chicago O'Hare International",0.0409008817592691
13930,2011 Nov,24358,376,"Chicago, IL: Chicago O'Hare International",0.0154364069299614
13930,2015 Apr,25805,508,"Chicago, IL: Chicago O'Hare International",0.0196861073435381
13930,2020 Jun,7671,9,"Chicago, IL: Chicago O'Hare International",0.00117324990222917
13930,2014 Sep,24870,1752,"Chicago, IL: Chicago O'Hare International",0.0704463208685163
13930,2016 Oct,21555,102,"Chicago, IL: Chicago O'Hare International",0.00473208072372999
13930,2016 Jan,18610,359,"Chicago, IL: Chicago O'Hare International",0.0192907039226222
13930,2014 Jan,21497,3596,"Chicago, IL: Chicago O'Hare International",0.167279155230962
13930,2012 Dec,23753,580,"Chicago, IL: Chicago O'Hare International",0.0244179682566413
13930,2010 Jul,27580,564,"Chicago, IL: Chicago O'Hare International",0.0204496011602611
13930,2016 Mar,19904,215,"Chicago, IL: Chicago O'Hare International",0.0108018488745981
13930,2011 Oct,26323,232,"Chicago, IL: Chicago O'Hare International",0.00881358507768871
13930,2021 Jan,11891,312,"Chicago, IL: Chicago O'Hare International",0.026238331511227
13930,2012 Feb,23728,563,"Chicago, IL: Chicago O'Hare International",0.0237272420768712
13930,2018 May,28338,741,"Chicago, IL: Chicago O'Hare International",0.0261486343425789
13930,2014 Aug,25665,882,"Chicago, IL: Chicago O'Hare International",0.0343658679135009
13930,2011 Jul,28510,1154,"Chicago, IL: Chicago O'Hare International",0.0404770256050509
13930,2013 Sep,25235,477,"Chicago, IL: Chicago O'Hare International",0.0189023182088369
13930,2013 Nov,24063,379,"Chicago, IL: Chicago O'Hare International",0.0157503220712297
13930,2017 Nov,20715,50,"Chicago, IL: Chicago O'Hare International",0.00241370987207338
13930,2010 Feb,23747,1107,"Chicago, IL: Chicago O'Hare International",0.0466164147050154
13930,2015 Oct,27652,50,"Chicago, IL: Chicago O'Hare International",0.00180818747287719
13930,2013 Jul,27980,462,"Chicago, IL: Chicago O'Hare International",0.0165117941386705
13930,2010 Dec,24822,1470,"Chicago, IL: Chicago O'Hare International",0.0592216582064298
13930,2015 Jan,23484,1118,"Chicago, IL: Chicago O'Hare International",0.0476068812808721
13930,2019 Apr,27172,1030,"Chicago, IL: Chicago O'Hare International",0.0379066686294715
13930,2012 Oct,27039,803,"Chicago, IL: Chicago O'Hare International",0.0296978438551722
13930,2020 Jan,25661,837,"Chicago, IL: Chicago O'Hare International",0.0326175908966915
13930,2010 Mar,27051,419,"Chicago, IL: Chicago O'Hare International",0.0154892610254704
13930,2010 Nov,24506,199,"Chicago, IL: Chicago O'Hare International",0.00812046029543785
13930,2011 Apr,26407,1243,"Chicago, IL: Chicago O'Hare International",0.0470708524254932
13930,2020 Nov,12475,22,"Chicago, IL: Chicago O'Hare International",0.00176352705410822
13930,2015 Jul,28223,482,"Chicago, IL: Chicago O'Hare International",0.0170782694965099
13930,2016 Aug,22226,417,"Chicago, IL: Chicago O'Hare International",0.0187618104922163
13930,2013 Dec,23120,1089,"Chicago, IL: Chicago O'Hare International",0.0471020761245675
13930,2011 Dec,24647,213,"Chicago, IL: Chicago O'Hare International",0.00864202539862864
13930,2020 Aug,16142,124,"Chicago, IL: Chicago O'Hare International",0.00768182381365382
13930,2015 Feb,21812,1699,"Chicago, IL: Chicago O'Hare International",0.0778929029891803
13930,2015 Jun,27591,1223,"Chicago, IL: Chicago O'Hare International",0.0443260483490993
13930,2015 Aug,28149,563,"Chicago, IL: Chicago O'Hare International",0.0200007105048137
13930,2018 Dec,27639,227,"Chicago, IL: Chicago O'Hare International",0.00821303230941785
13930,2018 Sep,28257,458,"Chicago, IL: Chicago O'Hare International",0.016208373146477
13930,2013 Jan,23849,604,"Chicago, IL: Chicago O'Hare International",0.0253260094762883
13930,2016 Apr,19796,85,"Chicago, IL: Chicago O'Hare International",0.00429379672661144
13930,2015 Dec,25579,870,"Chicago, IL: Chicago O'Hare International",0.034012275694906
13930,2019 Jul,30514,1138,"Chicago, IL: Chicago O'Hare International",0.037294356688733
13930,2014 Mar,22916,771,"Chicago, IL: Chicago O'Hare International",0.0336446151160761
13930,2011 Feb,23291,2784,"Chicago, IL: Chicago O'Hare International",0.119531149371002
13930,2014 Apr,23244,468,"Chicago, IL: Chicago O'Hare International",0.0201342281879195
13930,2019 Feb,23919,1167,"Chicago, IL: Chicago O'Hare International",0.0487896651197793
13930,2015 Sep,26163,284,"Chicago, IL: Chicago O'Hare International",0.0108550242709169
13930,2018 Oct,29626,151,"Chicago, IL: Chicago O'Hare International",0.00509687436710997
13930,2013 Jun,27233,1025,"Chicago, IL: Chicago O'Hare International",0.0376381595857966
13930,2019 Jun,29640,736,"Chicago, IL: Chicago O'Hare International",0.0248313090418354
13930,2014 Jul,25838,396,"Chicago, IL: Chicago O'Hare International",0.0153262636426968
13930,2016 Sep,20406,126,"Chicago, IL: Chicago O'Hare International",0.00617465451337842
13930,2012 Jun,27143,435,"Chicago, IL: Chicago O'Hare International",0.0160262314408872
13930,2012 Apr,25817,156,"Chicago, IL: Chicago O'Hare International",0.00604253011581516
13930,2018 Jun,29175,1075,"Chicago, IL: Chicago O'Hare International",0.0368466152527849
13930,2017 Jul,25594,667,"Chicago, IL: Chicago O'Hare International",0.0260607954989451
13930,2013 Oct,26523,226,"Chicago, IL: Chicago O'Hare International",0.00852090638313916
13930,2014 Oct,26257,955,"Chicago, IL: Chicago O'Hare International",0.036371253380051
13930,2021 Feb,11016,473,"Chicago, IL: Chicago O'Hare International",0.0429375453885258
13930,2014 Jun,25330,1439,"Chicago, IL: Chicago O'Hare International",0.0568101065929728
13930,2013 Mar,25471,790,"Chicago, IL: Chicago O'Hare International",0.031015664873778
13930,2012 Jul,27665,753,"Chicago, IL: Chicago O'Hare International",0.0272185071389843
13930,2016 Jun,21692,221,"Chicago, IL: Chicago O'Hare International",0.0101880877742947
13930,2015 Mar,26129,703,"Chicago, IL: Chicago O'Hare International",0.0269049714876191
13930,2017 Aug,25757,462,"Chicago, IL: Chicago O'Hare International",0.0179368715300695
13930,2019 Dec,27447,259,"Chicago, IL: Chicago O'Hare International",0.00943636827339964
13930,2020 Jul,14675,66,"Chicago, IL: Chicago O'Hare International",0.00449744463373083
13930,2020 Apr,13613,5220,"Chicago, IL: Chicago O'Hare International",0.383456989642254
13930,2012 Sep,25699,272,"Chicago, IL: Chicago O'Hare International",0.0105840694190435
13930,2013 Feb,22191,1336,"Chicago, IL: Chicago O'Hare International",0.0602045874453607
13930,2017 Mar,21993,507,"Chicago, IL: Chicago O'Hare International",0.0230527895239394
13930,2012 Jan,24792,829,"Chicago, IL: Chicago O'Hare International",0.0334382058728622
13930,2017 May,23366,198,"Chicago, IL: Chicago O'Hare International",0.00847385089446204
13930,2015 Nov,26078,809,"Chicago, IL: Chicago O'Hare International",0.0310223176623974
13930,2019 Sep,29479,896,"Chicago, IL: Chicago O'Hare International",0.0303945181315513
13930,2020 Feb,24346,387,"Chicago, IL: Chicago O'Hare International",0.0158958350447712
13930,2019 May,29320,518,"Chicago, IL: Chicago O'Hare International",0.0176671214188267
13930,2017 Dec,20412,164,"Chicago, IL: Chicago O'Hare International",0.008034489515971
13930,2012 Aug,28100,488,"Chicago, IL: Chicago O'Hare International",0.0173665480427046
13930,2012 Nov,24629,243,"Chicago, IL: Chicago O'Hare International",0.00986641763774412
13930,2017 Jan,18782,320,"Chicago, IL: Chicago O'Hare International",0.0170375891811309
13930,2011 Sep,25669,295,"Chicago, IL: Chicago O'Hare International",0.0114924617242588
13930,2016 May,21602,199,"Chicago, IL: Chicago O'Hare International",0.00921210998981576
13930,2010 Jan,25461,838,"Chicago, IL: Chicago O'Hare International",0.0329130827540159
13930,2012 May,26746,695,"Chicago, IL: Chicago O'Hare International",0.0259851940477081
13930,2015 May,26871,289,"Chicago, IL: Chicago O'Hare International",0.0107550891295449
13930,2020 Mar,27719,4698,"Chicago, IL: Chicago O'Hare International",0.169486633716945
13930,2020 Sep,13895,21,"Chicago, IL: Chicago O'Hare International",0.00151133501259446
13930,2013 May,27003,715,"Chicago, IL: Chicago O'Hare International",0.0264785394215458
13930,2010 Apr,25768,333,"Chicago, IL: Chicago O'Hare International",0.012923005277864
13930,2011 Jan,23815,927,"Chicago, IL: Chicago O'Hare International",0.038925047239135
13930,2014 Nov,23512,362,"Chicago, IL: Chicago O'Hare International",0.015396393331065
13930,2018 Mar,26730,504,"Chicago, IL: Chicago O'Hare International",0.0188552188552189
13930,2011 Mar,27240,529,"Chicago, IL: Chicago O'Hare International",0.0194199706314244
13930,2010 May,26497,682,"Chicago, IL: Chicago O'Hare International",0.0257387628788165
13930,2016 Feb,17763,604,"Chicago, IL: Chicago O'Hare International",0.0340032652142093
13930,2020 Dec,12627,142,"Chicago, IL: Chicago O'Hare International",0.0112457432485943
13930,2017 Jun,24719,472,"Chicago, IL: Chicago O'Hare International",0.0190946235689146
13930,2010 Aug,27833,340,"Chicago, IL: Chicago O'Hare International",0.0122157151582654
13930,2018 Aug,30365,761,"Chicago, IL: Chicago O'Hare International",0.0250617487238597
13930,2020 Oct,13576,8,"Chicago, IL: Chicago O'Hare International",0.000589275191514437
13930,2014 Feb,19815,1399,"Chicago, IL: Chicago O'Hare International",0.0706030784759021
13930,2018 Feb,23353,1057,"Chicago, IL: Chicago O'Hare International",0.0452618507258168
13930,2018 Jul,29993,423,"Chicago, IL: Chicago O'Hare International",0.0141032907678458
13930,2019 Nov,27411,581,"Chicago, IL: Chicago O'Hare International",0.0211958702710591
13930,2010 Oct,27114,427,"Chicago, IL: Chicago O'Hare International",0.0157483219001254
13930,2016 Jul,22214,763,"Chicago, IL: Chicago O'Hare International",0.0343477086522013
13930,2016 Nov,19488,99,"Chicago, IL: Chicago O'Hare International",0.00508004926108374
13930,2010 Sep,26348,227,"Chicago, IL: Chicago O'Hare International",0.00861545468346744
13930,2013 Aug,27708,450,"Chicago, IL: Chicago O'Hare International",0.016240796881767
